Α/Α,Module,Τίτλος κανόνα,Κατηγορία,Κατάσταση,Είδος,Άρθρο,Τίτλος άρθρου στο πρότυπο,Παράγραφοι,Πλήθος ¶,Δείγμα κειμένου
1,M01,ΠΡΟΟΙΜΙΟ – ΣΥΜΒΑΛΛΟΜΕΝΟΙ,A,ΕΝΤΟΠΙΣΤΗΚΕ,ΟΡΟΣ,,— (εκτός αρίθμησης),¶10–10,1,μεταξύ
2,M01,ΠΡΟΟΙΜΙΟ – ΣΥΜΒΑΛΛΟΜΕΝΟΙ,B,ΕΝΤΟΠΙΣΤΗΚΕ,ΟΡΟΣ,,— (εκτός αρίθμησης),¶53–53,1,"Στην Αθήνα σήμερα την …, μεταξύ των Συμβαλλομένων,"
3,M01,ΠΡΟΟΙΜΙΟ – ΣΥΜΒΑΛΛΟΜΕΝΟΙ,C,ΕΝΤΟΠΙΣΤΗΚΕ,ΟΡΟΣ,,— (εκτός αρίθμησης),¶51–51,1,"Στην Αθήνα σήμερα την … μεταξύ των Συμβαλλομένων,"
4,M01,ΠΡΟΟΙΜΙΟ – ΣΥΜΒΑΛΛΟΜΕΝΟΙ,D,ΕΝΤΟΠΙΣΤΗΚΕ,ΟΡΟΣ,,— (εκτός αρίθμησης),¶30–30,1,"Στην Αθήνα σήμερα την … μεταξύ των Συμβαλλομένων,"
5,M02,ΟΡΙΣΜΟΙ,A,ΕΝΤΟΠΙΣΤΗΚΕ,ΑΡΘΡΟ,1,ΟΡΙΣΜΟΙ,¶86–101,16,Σε ολόκληρη τη Σύμβαση (περιλαμβανομένων των Παραρτημάτων της) οι ακόλουθοι όροι θα έχουν τη σημασία που περιγράφεται στη συνέχεια:
6,M03,ΑΝΤΙΚΕΙΜΕΝΟ ΤΗΣ ΣΥΜΒΑΣΗΣ,A,ΕΝΤΟΠΙΣΤΗΚΕ,ΑΡΘΡΟ,2,ΑΝΤΙΚΕΙΜΕΝΟ ΤΗΣ ΣΥΜΒΑΣΗΣ,¶102–105,4,"Με την παρούσα, η Τράπεζα αναθέτει και η Εταιρεία αναλαμβάνει την προμήθεια Συστήματος … από τον Ανάδοχο στην ΕΤΕ …με τη μορφή υπηρεσιών (Software-as-a-Service) σε υποδομ…"
7,M03,ΑΝΤΙΚΕΙΜΕΝΟ ΤΗΣ ΣΥΜΒΑΣΗΣ,B,ΕΝΤΟΠΙΣΤΗΚΕ,ΑΡΘΡΟ,1,ΑΝΤΙΚΕΙΜΕΝΟ ΤΗΣ ΣΥΜΒΑΣΗΣ,¶63–70,8,"Με την παρούσα, η Τράπεζα αναθέτει και η Εταιρεία αναλαμβάνει την παροχή υπηρεσιών με τη μορφή Software as a Service (Saas) της λύσης … (εφεξής «η Λύση»), και σχετικών υπ…"
8,M03,ΑΝΤΙΚΕΙΜΕΝΟ ΤΗΣ ΣΥΜΒΑΣΗΣ,C,ΕΝΤΟΠΙΣΤΗΚΕ,ΑΡΘΡΟ,1,ΑΝΤΙΚΕΙΜΕΝΟ ΤΗΣ ΣΥΜΒΑΣΗΣ,¶58–63,6,Με την παρούσα η Τράπεζα αναθέτει και η Εταιρεία αναλαμβάνει κατ’ εντολή και για λογαριασμό της Τράπεζας την παροχή υπηρεσιών στην Τράπεζα για την υλοποίηση του έργου «…»…
9,M03a,Ρήτρα SaaS / cloud στο αντικείμενο,A,ΕΝΤΟΠΙΣΤΗΚΕ,ΟΡΟΣ,2,ΑΝΤΙΚΕΙΜΕΝΟ ΤΗΣ ΣΥΜΒΑΣΗΣ,¶103–103,1,"Με την παρούσα, η Τράπεζα αναθέτει και η Εταιρεία αναλαμβάνει την προμήθεια Συστήματος … από τον Ανάδοχο στην ΕΤΕ …με τη μορφή υπηρεσιών (Software-as-a-Service) σε υποδομ…"
10,M03a,Ρήτρα SaaS / cloud στο αντικείμενο,B,ΕΝΤΟΠΙΣΤΗΚΕ,ΟΡΟΣ,1,ΑΝΤΙΚΕΙΜΕΝΟ ΤΗΣ ΣΥΜΒΑΣΗΣ,¶64–64,1,"Με την παρούσα, η Τράπεζα αναθέτει και η Εταιρεία αναλαμβάνει την παροχή υπηρεσιών με τη μορφή Software as a Service (Saas) της λύσης … (εφεξής «η Λύση»), και σχετικών υπ…"
11,M04,ΔΙΑΡΚΕΙΑ,A,ΕΝΤΟΠΙΣΤΗΚΕ,ΑΡΘΡΟ,7,ΔΙΑΡΚΕΙΑ ΤΗΣ ΣΥΜΒΑΣΗΣ,¶150–151,2,Η Σύμβαση άρχεται από την … και θα έχει ισχύ μέχρι τη λήξη της Μετά την Εγγύηση Περιόδου. Η παρούσα δύναται να παραταθεί μόνο με έγγραφη κοινή συμφωνία των Μερών
12,M04,ΔΙΑΡΚΕΙΑ,B,ΕΝΤΟΠΙΣΤΗΚΕ,ΑΡΘΡΟ,2,ΔΙΑΡΚΕΙΑ,¶71–73,3,Η παρούσα Σύμβαση ισχύει από … και λήγει με το πέρας της 3ετούς περιόδου χρήσης της Λύσης η οποία άρχεται από … και αποτελεί το head start date που ορίζει ο κατασκευαστής…
13,M04,ΔΙΑΡΚΕΙΑ,C,ΕΝΤΟΠΙΣΤΗΚΕ,ΑΡΘΡΟ,2,ΔΙΑΡΚΕΙΑ,¶64–66,3,Η διάρκεια της παρούσας Σύμβασης ορίζεται για το χρονικό διάστημα από … και έως την επιβεβαιωμένη από την Τράπεζα ολοκλήρωση παροχής των προβλεπόμενων στην παρούσα Υπηρεσ…
14,M05,ΧΡΟΝΟΔΙΑΓΡΑΜΜΑ,A,ΕΝΤΟΠΙΣΤΗΚΕ,ΑΡΘΡΟ,4,ΧΡΟΝΟΔΙΑΓΡΑΜΜΑ,¶137–139,3,Οι Συμβαλλόμενοι οφείλουν να τηρούν το Χρονοδιάγραμμα (Παράρτημα 1).
15,M06,ΠΑΡΑΛΑΒΗ (ΠΠΠ / ΠΤΠ),A,ΕΝΤΟΠΙΣΤΗΚΕ,ΑΡΘΡΟ,5,ΠΑΡΑΛΑΒΗ,¶140–143,4,Όταν το Σύστημα καθώς και οποιαδήποτε από τις επεκτάσεις ή τα Αιτήματα Τροποποίησης αυτού είναι Έτοιμα προς Προσωρινή Παραλαβή και αφού ο Ανάδοχος έχει ολοκληρώσει τους α…
16,M07,ΔΙΑΔΙΚΑΣΙΑ & ΤΡΟΠΟΣ ΠΑΡΟΧΗΣ,B,ΕΝΤΟΠΙΣΤΗΚΕ,ΑΡΘΡΟ,3,ΔΙΑΔΙΚΑΣΙΑ ΚΑΙ ΤΡΟΠΟΣ ΠΑΡΟΧΗΣ ΤΩΝ ΥΠΗΡΕΣΙΩΝ - ΠΟΙΝΙΚΕΣ ΡΗΤΡΕΣ,¶74–110,37,"Η Εταιρεία θα ενημερώσει εγγράφως την Τράπεζα για την ολοκλήρωση των Υπηρεσιών Υλοποίησης, όπως περιγράφονται λεπτομερώς στο Παράρτημα 1 της παρούσας σύμβασης, το οποίο α…"
17,M07,ΔΙΑΔΙΚΑΣΙΑ & ΤΡΟΠΟΣ ΠΑΡΟΧΗΣ,C,ΕΝΤΟΠΙΣΤΗΚΕ,ΑΡΘΡΟ,3,ΔΙΑΔΙΚΑΣΙΑ & ΤΡΟΠΟΣ ΠΑΡΟΧΗΣ ΥΠΗΡΕΣΙΩΝ,¶67–73,7,Η Εταιρεία θα εκδίδει έγγραφη σχετική ειδοποίηση προς την Τράπεζα για την παράδοση των αντίστοιχων Υπηρεσιών/Παραδοτέων την οποία θα αποστέλλει επί αποδείξει στην Τράπεζα…
18,M08,ΤΡΑΠΕΖΙΚΗ ΕΓΓΥΗΤΙΚΗ ΕΠΙΣΤΟΛΗ,A,ΕΝΤΟΠΙΣΤΗΚΕ,ΑΡΘΡΟ,6,ΤΡΑΠΕΖΙΚΗ ΕΓΓΥΗΤΙΚΗ ΕΠΙΣΤΟΛΗ ΚΑΛΗΣ ΕΚΤΕΛΕΣΗΣ,¶144–149,6,"Ως εγγύηση της ορθής, έγκαιρης και συνεπούς εκτέλεσης όλων των υποχρεώσεών του βάσει της Σύμβασης, ο Ανάδοχος θα εκδώσει, μία Τραπεζική Εγγυητική Επιστολή Καλής Εκτέλεσης…"
19,M08,ΤΡΑΠΕΖΙΚΗ ΕΓΓΥΗΤΙΚΗ ΕΠΙΣΤΟΛΗ,B,ΕΝΤΟΠΙΣΤΗΚΕ,ΟΡΟΣ,6,ΔΗΛΩΣΕΙΣ – ΕΓΓΥΗΣΕΙΣ ΤΗΣ ΕΤΑΙΡΙΑΣ,¶183–183,1,"Για την καλή εκτέλεση του Έργου, η Εταιρεία αναλαμβάνει την υποχρέωση να προσκομίσει στην Τράπεζα, Τραπεζική Εγγυητική Επιστολή τρίτης τράπεζας (εκτός της Ε.Τ.Ε. Α.Ε.), π…"
20,M08,ΤΡΑΠΕΖΙΚΗ ΕΓΓΥΗΤΙΚΗ ΕΠΙΣΤΟΛΗ,C,ΕΝΤΟΠΙΣΤΗΚΕ,ΟΡΟΣ,6,ΔΗΛΩΣΕΙΣ – ΕΓΓΥΗΣΕΙΣ  ΤΗΣ ΕΤΑΙΡΙΑΣ,¶138–138,1,"Για την καλή εκτέλεση των όρων της παρούσας Σύμβασης αναφορικά με την ολοκλήρωση του Έργου, η Εταιρεία αναλαμβάνει την υποχρέωση να προσκομίσει στην Τράπεζα, Τραπεζική Εγ…"
21,M08,ΤΡΑΠΕΖΙΚΗ ΕΓΓΥΗΤΙΚΗ ΕΠΙΣΤΟΛΗ,D,ΛΕΙΠΕΙ,,,,,,
22,M09,ΑΜΟΙΒΗ / ΣΥΜΒΑΤΙΚΕΣ ΤΙΜΕΣ,A,ΕΝΤΟΠΙΣΤΗΚΕ,ΑΡΘΡΟ,11,ΣΥΜΒΑΤΙΚΕΣ ΤΙΜΕΣ ΚΑΙ ΦΟΡΟΙ,¶176–186,11,Πίνακας Τιμών
23,M09,ΑΜΟΙΒΗ / ΣΥΜΒΑΤΙΚΕΣ ΤΙΜΕΣ,B,ΕΝΤΟΠΙΣΤΗΚΕ,ΑΡΘΡΟ,4,ΑΜΟΙΒΗ,¶111–131,21,"H αμοιβή της Εταιρείας για το Έργο κατά την 3ετή περίοδο χρήσης της Λύσης, ανέρχεται στο συνολικό ποσό των … ευρώ (…€) πλέον Φ.Π.Α και αναλύεται στον κατωτέρω πίνακα τιμώ…"
24,M09,ΑΜΟΙΒΗ / ΣΥΜΒΑΤΙΚΕΣ ΤΙΜΕΣ,C,ΕΝΤΟΠΙΣΤΗΚΕ,ΑΡΘΡΟ,4,ΑΜΟΙΒΗ,¶74–100,27,"Η αμοιβή της Εταιρείας για την παροχή των ανατιθεμένων με την παρούσα Υπηρεσιών για την υλοποίηση του Έργου συμφωνείται στο συνολικό ποσό των … ευρώ (€…), πλέον ΦΠΑ."
25,M09,ΑΜΟΙΒΗ / ΣΥΜΒΑΤΙΚΕΣ ΤΙΜΕΣ,D,ΕΝΤΟΠΙΣΤΗΚΕ,ΟΡΟΣ,,— (εκτός αρίθμησης),¶43–43,1,"«5.1.1. Η αμοιβή της Εταιρείας για την παροχή των υπηρεσιών συντήρησης και υποστήριξης κατά το χρονικό διάστημα από … έως …, ανέρχεται στο συνολικό ποσό των … (€…), πλέον…"
26,M09a,Πίνακας οροσήμων & ποσοστών,A,ΕΝΤΟΠΙΣΤΗΚΕ,ΟΡΟΣ,12,ΟΡΟΙ ΠΛΗΡΩΜΗΣ,¶190–190,1,Ορόσημα/Παραδοτέα
27,M09a,Πίνακας οροσήμων & ποσοστών,B,ΕΝΤΟΠΙΣΤΗΚΕ,ΟΡΟΣ,4,ΑΜΟΙΒΗ,¶121–121,1,"Ποσό … ευρώ (…€) το οποίο αφορά την αμοιβή της Εταιρείας για την παροχή των Υπηρεσιών Υλοποίησης (Professional Services), θα καταβληθεί τμηματικά και εντός σαράντα πέντε …"
28,M09a,Πίνακας οροσήμων & ποσοστών,C,ΕΝΤΟΠΙΣΤΗΚΕ,ΟΡΟΣ,4,ΑΜΟΙΒΗ,¶77–77,1,"Το ως άνω ποσό των … ευρώ (€…), πλέον ΦΠΑ, που αφορά τις Υπηρεσίες θα καταβάλλεται σταδιακά για τα επιμέρους Ορόσημα/Παραδοτέα του Έργου και εντός εξήντα (60) ημερών από …"
29,M09b,Πίνακας ημερήσιων χρεώσεων ανά προφίλ,C,ΛΕΙΠΕΙ,,,,,,
30,M09c,Δόση πληρωμής για εξοπλισμό,B,ΕΝΤΟΠΙΣΤΗΚΕ,ΟΡΟΣ,4,ΑΜΟΙΒΗ,¶119–119,1,"…Ποσό … ευρώ (…€) το οποίο αφορά την αμοιβή της Εταιρείας για την προμήθεια του …, θα εξοφληθεί εντός σαράντα πέντε (45) ημερών από την επιβεβαιωμένη από την Τράπεζα παρά…"
31,M09d,Δόση πληρωμής μεταβατικής υποστήριξης,B,ΕΝΤΟΠΙΣΤΗΚΕ,ΟΡΟΣ,4,ΑΜΟΙΒΗ,¶120–120,1,"…Ποσό … ευρώ (…€) το οποίο αφορά την αμοιβή της Εταιρείας για την υποστήριξη … έως και τις …, θα εξοφληθεί εντός σαράντα πέντε (45) ημερών από την έναρξη της περιόδου υπο…"
32,M10,ΟΡΟΙ ΠΛΗΡΩΜΗΣ,A,ΕΝΤΟΠΙΣΤΗΚΕ,ΑΡΘΡΟ,12,ΟΡΟΙ ΠΛΗΡΩΜΗΣ,¶187–212,26,"Η καταβολή της αμοιβής του Αναδόχου για τις υπηρεσίες υλοποίησης, και λειτουργικής υποστήριξης του Συστήματος (στοιχείο 1.1. Πίνακα Τιμών του Παραρτήματος 2) θα λάβει χώρ…"
33,M10,ΟΡΟΙ ΠΛΗΡΩΜΗΣ,B,ΕΝΤΟΠΙΣΤΗΚΕ,ΟΡΟΣ,4,ΑΜΟΙΒΗ,¶116–116,1,Η καταβολή της ως άνω αμοιβής της Εταιρείας θα πραγματοποιηθεί ως ακολούθως:
34,M10,ΟΡΟΙ ΠΛΗΡΩΜΗΣ,C,ΕΝΤΟΠΙΣΤΗΚΕ,ΟΡΟΣ,4,ΑΜΟΙΒΗ,¶77–77,1,"Το ως άνω ποσό των … ευρώ (€…), πλέον ΦΠΑ, που αφορά τις Υπηρεσίες θα καταβάλλεται σταδιακά για τα επιμέρους Ορόσημα/Παραδοτέα του Έργου και εντός εξήντα (60) ημερών από …"
35,M11,ΥΠΟΧΡΕΩΣΕΙΣ – ΕΥΘΥΝΗ ΑΝΑΔΟΧΟΥ,A,ΕΝΤΟΠΙΣΤΗΚΕ,ΑΡΘΡΟ,3,ΥΠΟΧΡΕΩΣΕΙΣ - ΕΥΘΥΝΗ ΤΟΥ ΑΝΑΔΟΧΟΥ,¶106–136,31,Ο Ανάδοχος υποχρεούται να χρησιμοποιήσει την απαιτούμενη επαγγελματική μεθοδολογία και το κατάλληλα εκπαιδευμένο και επαρκές σε αριθμό προσωπικό για την παροχή των ανωτέρ…
36,M11,ΥΠΟΧΡΕΩΣΕΙΣ – ΕΥΘΥΝΗ ΑΝΑΔΟΧΟΥ,B,ΕΝΤΟΠΙΣΤΗΚΕ,ΑΡΘΡΟ,5,ΥΠΟΧΡΕΩΣΕΙΣ-ΕΥΘΥΝΗ ΤΗΣ ΕΤΑΙΡΕΙΑΣ,¶132–166,35,Η Εταιρεία υποχρεούται να χρησιμοποιήσει την απαιτούμενη επαγγελματική μεθοδολογία και το κατάλληλα εκπαιδευμένο και επαρκές σε αριθμό προσωπικό για την παροχή των ανωτέρ…
37,M11,ΥΠΟΧΡΕΩΣΕΙΣ – ΕΥΘΥΝΗ ΑΝΑΔΟΧΟΥ,C,ΕΝΤΟΠΙΣΤΗΚΕ,ΑΡΘΡΟ,5,ΥΠΟΧΡΕΩΣΕΙΣ – ΕΥΘΥΝΗ ΤΗΣ ΕΤΑΙΡΕΙΑΣ,¶101–123,23,Η Εταιρεία υποχρεούται να χρησιμοποιήσει την απαιτούμενη επαγγελματική μεθοδολογία και το κατάλληλα εκπαιδευμένο προσωπικό για την παροχή των ανωτέρω Υπηρεσιών που απορρέ…
38,M11a,Υποχρεώσεις επί των εγκαταστάσεων της Τράπεζας,A,ΕΝΤΟΠΙΣΤΗΚΕ,ΟΡΟΣ,3,ΥΠΟΧΡΕΩΣΕΙΣ - ΕΥΘΥΝΗ ΤΟΥ ΑΝΑΔΟΧΟΥ,¶116–116,1,"Η Εταιρεία υποχρεούται να παρέχει τις Υπηρεσίες με ιδιαίτερη επιμέλεια, προσοχή και τεχνική επάρκεια, σύμφωνα με τους παραδεδεγμένους τεχνικούς κανόνες και πρότυπα που ισ…"
39,M11a,Υποχρεώσεις επί των εγκαταστάσεων της Τράπεζας,B,ΕΝΤΟΠΙΣΤΗΚΕ,ΟΡΟΣ,5,ΥΠΟΧΡΕΩΣΕΙΣ-ΕΥΘΥΝΗ ΤΗΣ ΕΤΑΙΡΕΙΑΣ,¶141–141,1,"Η Εταιρεία υποχρεούται να παρέχει τις Υπηρεσίες με ιδιαίτερη επιμέλεια, προσοχή και τεχνική επάρκεια, σύμφωνα με τους παραδεδεγμένους τεχνικούς κανόνες και πρότυπα που ισ…"
40,M11a,Υποχρεώσεις επί των εγκαταστάσεων της Τράπεζας,C,ΕΝΤΟΠΙΣΤΗΚΕ,ΟΡΟΣ,5,ΥΠΟΧΡΕΩΣΕΙΣ – ΕΥΘΥΝΗ ΤΗΣ ΕΤΑΙΡΕΙΑΣ,¶110–110,1,"Η Εταιρεία υποχρεούται να παρέχει τις Υπηρεσίες με ιδιαίτερη επιμέλεια, προσοχή και τεχνική επάρκεια, σύμφωνα με τους παραδεδεγμένους τεχνικούς κανόνες και πρότυπα που ισ…"
41,M12,ΕΤΑΙΡΙΚΗ ΚΟΙΝΩΝΙΚΗ ΕΥΘΥΝΗ (ΕΚΕ),A,ΕΝΤΟΠΙΣΤΗΚΕ,ΟΡΟΣ,3,ΥΠΟΧΡΕΩΣΕΙΣ - ΕΥΘΥΝΗ ΤΟΥ ΑΝΑΔΟΧΟΥ,¶111–111,1,Η Εταιρεία υποχρεούται να συμμορφώνεται με τους κανόνες Εταιρικής Κοινωνικής Ευθύνης (Ε.Κ.Ε.) όπως αυτοί υπαγορεύονται από τις σχετικές Κοινοτικές διατάξεις σε ζητήματα ό…
42,M12,ΕΤΑΙΡΙΚΗ ΚΟΙΝΩΝΙΚΗ ΕΥΘΥΝΗ (ΕΚΕ),B,ΕΝΤΟΠΙΣΤΗΚΕ,ΟΡΟΣ,5,ΥΠΟΧΡΕΩΣΕΙΣ-ΕΥΘΥΝΗ ΤΗΣ ΕΤΑΙΡΕΙΑΣ,¶135–135,1,Η Εταιρεία υποχρεούται να συμμορφώνεται με τους κανόνες Εταιρικής Κοινωνικής Ευθύνης (Ε.Κ.Ε.) όπως αυτοί υπαγορεύονται από τις σχετικές Κοινοτικές διατάξεις σε ζητήματα ό…
43,M12,ΕΤΑΙΡΙΚΗ ΚΟΙΝΩΝΙΚΗ ΕΥΘΥΝΗ (ΕΚΕ),C,ΕΝΤΟΠΙΣΤΗΚΕ,ΟΡΟΣ,5,ΥΠΟΧΡΕΩΣΕΙΣ – ΕΥΘΥΝΗ ΤΗΣ ΕΤΑΙΡΕΙΑΣ,¶104–104,1,Η Εταιρεία υποχρεούται να συμμορφώνεται με τους κανόνες Εταιρικής Κοινωνικής Ευθύνης (Ε.Κ.Ε.) όπως αυτοί υπαγορεύονται από το σχετικό ενωσιακό και εθνικό νομοθετικό πλαίσ…
44,M13,ΔΗΛΩΣΕΙΣ – ΕΓΓΥΗΣΕΙΣ ΑΝΑΔΟΧΟΥ,A,ΕΝΤΟΠΙΣΤΗΚΕ,ΟΡΟΣ,3,ΥΠΟΧΡΕΩΣΕΙΣ - ΕΥΘΥΝΗ ΤΟΥ ΑΝΑΔΟΧΟΥ,¶124–124,1,ΔΗΛΩΣΕΙΣ – ΕΓΓΥΗΣΕΙΣ ΤΟΥ ΑΝΑΔΟΧΟΥ
45,M13,ΔΗΛΩΣΕΙΣ – ΕΓΓΥΗΣΕΙΣ ΑΝΑΔΟΧΟΥ,B,ΕΝΤΟΠΙΣΤΗΚΕ,ΑΡΘΡΟ,6,ΔΗΛΩΣΕΙΣ – ΕΓΓΥΗΣΕΙΣ ΤΗΣ ΕΤΑΙΡΙΑΣ,¶167–184,18,Η Εταιρεία δηλώνει και εγγυάται ρητά και ανεπιφύλακτα ότι:
46,M13,ΔΗΛΩΣΕΙΣ – ΕΓΓΥΗΣΕΙΣ ΑΝΑΔΟΧΟΥ,C,ΕΝΤΟΠΙΣΤΗΚΕ,ΑΡΘΡΟ,6,ΔΗΛΩΣΕΙΣ – ΕΓΓΥΗΣΕΙΣ  ΤΗΣ ΕΤΑΙΡΙΑΣ,¶124–139,16,Η Εταιρεία δηλώνει και εγγυάται ρητά και ανεπιφύλακτα ότι:
47,M14,ΥΠΟΧΡΕΩΣΕΙΣ ΤΗΣ ΤΡΑΠΕΖΑΣ,B,ΕΝΤΟΠΙΣΤΗΚΕ,ΑΡΘΡΟ,7,ΥΠΟΧΡΕΩΣΕΙΣ ΤΗΣ ΤΡΑΠΕΖΑΣ,¶185–189,5,"Η Τράπεζα υποχρεούται να διευκολύνει την Εταιρεία και να της παρέχει την απαιτούμενη πρόσβαση και χρήση στα απαραίτητα για την παροχή των Υπηρεσιών συστήματα, τηρουμένων …"
48,M14,ΥΠΟΧΡΕΩΣΕΙΣ ΤΗΣ ΤΡΑΠΕΖΑΣ,C,ΕΝΤΟΠΙΣΤΗΚΕ,ΑΡΘΡΟ,7,ΥΠΟΧΡΕΩΣΕΙΣ ΤΗΣ ΤΡΑΠΕΖΑΣ,¶140–153,14,"Η Τράπεζα θα αναλάβει να παρέχει στην Εταιρεία κατάλληλους χώρους εργασίας στις εγκαταστάσεις της, με σχετικές προσβάσεις στα απαραίτητα εργαλεία και πηγαία συστήματα/δεδ…"
49,M15,ΕΥΘΥΝΗ – ΟΡΙΟ ΕΥΘΥΝΗΣ,A,ΕΝΤΟΠΙΣΤΗΚΕ,ΑΡΘΡΟ,8,ΕΥΘΥΝΗ,¶152–157,6,"Ο Ανάδοχος ευθύνεται έναντι της ΕΤΕ, χωρίς κανέναν απολύτως περιορισμό, για όλες τις απαιτήσεις, ζημίες, έξοδα και αποζημιώσεις σε σχέση με το θάνατο και τον τραυματισμό …"
50,M15,ΕΥΘΥΝΗ – ΟΡΙΟ ΕΥΘΥΝΗΣ,B,ΕΝΤΟΠΙΣΤΗΚΕ,ΟΡΟΣ,5,ΥΠΟΧΡΕΩΣΕΙΣ-ΕΥΘΥΝΗ ΤΗΣ ΕΤΑΙΡΕΙΑΣ,¶132–132,1,ΥΠΟΧΡΕΩΣΕΙΣ-ΕΥΘΥΝΗ ΤΗΣ ΕΤΑΙΡΕΙΑΣ
51,M15,ΕΥΘΥΝΗ – ΟΡΙΟ ΕΥΘΥΝΗΣ,C,ΕΝΤΟΠΙΣΤΗΚΕ,ΟΡΟΣ,5,ΥΠΟΧΡΕΩΣΕΙΣ – ΕΥΘΥΝΗ ΤΗΣ ΕΤΑΙΡΕΙΑΣ,¶101–101,1,ΥΠΟΧΡΕΩΣΕΙΣ – ΕΥΘΥΝΗ ΤΗΣ ΕΤΑΙΡΕΙΑΣ
52,M16,ΑΝΑΣΤΟΛΗ,A,ΕΝΤΟΠΙΣΤΗΚΕ,ΑΡΘΡΟ,9,ΑΝΑΣΤΟΛΗ,¶158–166,9,"Κατόπιν προηγούμενων ειδοποιήσεων προς τον Ανάδοχο, η ΕΤΕ μπορεί να του ζητήσει να αναστείλει το σύνολο ή μέρος του έργου για σοβαρό λόγο ή για λόγους ανωτέρας βίας. Η ΕΤ…"
53,M17,ΤΡΟΠΟΠΟΙΗΣΕΙΣ ΚΑΤΑ ΤΗΝ ΕΚΤΕΛΕΣΗ,A,ΕΝΤΟΠΙΣΤΗΚΕ,ΑΡΘΡΟ,10,ΤΡΟΠΟΠΟΙΗΣΕΙΣ ΚΑΤΑ ΤΗΝ ΕΚΤΕΛΕΣΗ,¶167–175,9,Η ΕΤΕ και ο Ανάδοχος ενδέχεται να συμφωνήσουν αμοιβαίως και εγγράφως να προβούν σε όσες τροποποιήσεις των διατάξεων της Σύμβασης μπορεί να θεωρηθούν απαραίτητες κατά την …
54,M18,ΕΚΧΩΡΗΣΗ / ΥΠΟΚΑΤΑΣΤΑΣΗ,A,ΕΝΤΟΠΙΣΤΗΚΕ,ΑΡΘΡΟ,13,ΕΚΧΩΡΗΣΗ ΕΡΓΟΥ ΚΑΙ ΑΝΑΘΕΣΗ ΤΟΥ ΣΕ ΤΡΙΤΟΥΣ,¶213–229,17,Ο Ανάδοχος δεν δικαιούται να εκχωρήσει ή να μεταβιβάσει την παρούσα Σύμβαση ή οποιοδήποτε από τα δικαιώματα ή τις υποχρεώσεις που περιέχονται σε αυτή ή απορρέουν από αυτή…
55,M18,ΕΚΧΩΡΗΣΗ / ΥΠΟΚΑΤΑΣΤΑΣΗ,B,ΕΝΤΟΠΙΣΤΗΚΕ,ΑΡΘΡΟ,8,ΕΚΧΩΡΗΣΗ/ΥΠΟΚΑΤΑΣΤΑΣΗ,¶190–225,36,Η Εταιρεία δεν έχει δικαίωμα να εκχωρήσει ή μεταβιβάσει την παρούσα Σύμβαση ή οποιοδήποτε από τα δικαιώματα ή τις υποχρεώσεις που περιέχονται σε αυτήν ή απορρέουν από αυτ…
56,M18,ΕΚΧΩΡΗΣΗ / ΥΠΟΚΑΤΑΣΤΑΣΗ,C,ΕΝΤΟΠΙΣΤΗΚΕ,ΑΡΘΡΟ,8,ΕΚΧΩΡΗΣΗ/ΥΠΟΚΑΤΑΣΤΑΣΗ,¶154–158,5,"Η Εταιρεία δεν έχει δικαίωμα να εκχωρήσει ή μεταβιβάσει την παρούσα Σύμβαση ή οποιοδήποτε από τα δικαιώματα ή τις υποχρεώσεις, που περιέχονται σε αυτήν ή απορρέουν από αυ…"
57,M18a,Ρήτρα εγκεκριμένων υπεργολάβων,A,ΕΝΤΟΠΙΣΤΗΚΕ,ΟΡΟΣ,13,ΕΚΧΩΡΗΣΗ ΕΡΓΟΥ ΚΑΙ ΑΝΑΘΕΣΗ ΤΟΥ ΣΕ ΤΡΙΤΟΥΣ,¶214–214,1,Ο Ανάδοχος δεν δικαιούται να εκχωρήσει ή να μεταβιβάσει την παρούσα Σύμβαση ή οποιοδήποτε από τα δικαιώματα ή τις υποχρεώσεις που περιέχονται σε αυτή ή απορρέουν από αυτή…
58,M18a,Ρήτρα εγκεκριμένων υπεργολάβων,B,ΕΝΤΟΠΙΣΤΗΚΕ,ΟΡΟΣ,8,ΕΚΧΩΡΗΣΗ/ΥΠΟΚΑΤΑΣΤΑΣΗ,¶205–205,1,"Σε περίπτωση χρήσης εγκεκριμένων υπεργολάβων, η Εταιρεία υποχρεούται να ενημερώνει την Τράπεζα για οποιεσδήποτε σχεδιαζόμενες σημαντικές αλλαγές στους υπεργολάβους ή τις …"
59,M18a,Ρήτρα εγκεκριμένων υπεργολάβων,C,ΕΝΤΟΠΙΣΤΗΚΕ,ΟΡΟΣ,5,ΥΠΟΧΡΕΩΣΕΙΣ – ΕΥΘΥΝΗ ΤΗΣ ΕΤΑΙΡΕΙΑΣ,¶122–122,1,"Η Εταιρεία υποχρεούται να αποκαθιστά οποιαδήποτε ζημία της Τράπεζας και παντός τρίτου που οφείλεται σε πράξη ή παράλειψή της Εταιρείας, καθώς και του προσωπικού της, των …"
60,M18b,Δικαιώματα ελέγχου έναντι υπεργολάβων,A,ΕΝΤΟΠΙΣΤΗΚΕ,ΟΡΟΣ,13,ΕΚΧΩΡΗΣΗ ΕΡΓΟΥ ΚΑΙ ΑΝΑΘΕΣΗ ΤΟΥ ΣΕ ΤΡΙΤΟΥΣ,¶221–221,1,"Ο Ανάδοχος θα διασφαλίζει ότι οι υπεργολάβοι αυτού θα παρέχουν στην Τράπεζα και στην εκάστοτε αρμόδια αρχή τα ίδια συμβατικά δικαιώματα πρόσβασης, πληροφόρησης και ελέγχο…"
61,M18b,Δικαιώματα ελέγχου έναντι υπεργολάβων,B,ΕΝΤΟΠΙΣΤΗΚΕ,ΟΡΟΣ,8,ΕΚΧΩΡΗΣΗ/ΥΠΟΚΑΤΑΣΤΑΣΗ,¶222–222,1,να παρέχει στην Τράπεζα και στην εκάστοτε αρμόδια αρχή τα ίδια συμβατικά δικαιώματα πρόσβασης και ελέγχου όπως αυτά αποτυπώνονται στην παρούσα και τα οποία εκχωρεί η Εται…
62,M19,ΚΙΝΔΥΝΟΙ & ΤΙΤΛΟΙ ΚΥΡΙΟΤΗΤΑΣ,A,ΕΝΤΟΠΙΣΤΗΚΕ,ΑΡΘΡΟ,14,ΚΙΝΔΥΝΟΙ ΚΑΙ ΤΙΤΛΟΙ ΚΥΡΙΟΤΗΤΑΣ,¶230–232,3,Οι κίνδυνοι του Συστήματος θα μεταβιβαστούν στην ΕΤΕ με την έκδοση του αντίστοιχου Πιστοποιητικού Τελικής Παραλαβής. Η μεταβίβαση των κινδύνων δεν αποδεσμεύει ούτε απαλλά…
63,M20,ΕΓΓΥΗΣΗ (warranty),A,ΕΝΤΟΠΙΣΤΗΚΕ,ΑΡΘΡΟ,15,ΕΓΓΥΗΣΗ,¶233–269,37,Ο Ανάδοχος εγγυάται ότι κατά την Περίοδο Εγγύησης το Σύστημα που παραδίδεται βάσει της παρούσας Σύμβασης:
64,M20a,Εγγύηση κατά ιών / κακόβουλου κώδικα,A,ΕΝΤΟΠΙΣΤΗΚΕ,ΟΡΟΣ,15,ΕΓΓΥΗΣΗ,¶237–237,1,"(γ)θα είναι απαλλαγμένο από οποιοδήποτε πραγματικό ελάττωμα, καθώς και από οποιοδήποτε νομικό ελάττωμα, περιλαμβανομένων, ενδεικτικά, των βαρών, επιβαρύνσεων και εμπράγμα…"
65,M20a,Εγγύηση κατά ιών / κακόβουλου κώδικα,B,ΕΝΤΟΠΙΣΤΗΚΕ,ΟΡΟΣ,3,ΔΙΑΔΙΚΑΣΙΑ ΚΑΙ ΤΡΟΠΟΣ ΠΑΡΟΧΗΣ ΤΩΝ ΥΠΗΡΕΣΙΩΝ - ΠΟΙΝΙΚΕΣ ΡΗΤΡΕΣ,¶109–109,1,Ρητά συμφωνείται ότι σε περίπτωση μη έγκαιρης και προσήκουσας εκπλήρωσης της παροχής των Υπηρεσιών από την Εταιρεία σύμφωνα με τους όρους και τις προϋποθέσεις της παρούσα…
66,M21,ΠΟΙΝΙΚΕΣ ΡΗΤΡΕΣ ΚΑΘΥΣΤΕΡΗΣΗΣ,A,ΕΝΤΟΠΙΣΤΗΚΕ,ΑΡΘΡΟ,16,ΠΟΙΝΙΚΕΣ ΡΗΤΡΕΣ ΚΑΘΥΣΤΕΡΗΣΗΣ,¶270–289,20,"Εάν η εκτέλεση του έργου καθυστερήσει λόγω οποιουδήποτε γεγονότος ανωτέρας βίας, θα παρέχεται στον Ανάδοχο χρονική παράταση για την ολοκλήρωση, όπως θα συμφωνείται αμοιβα…"
67,M21,ΠΟΙΝΙΚΕΣ ΡΗΤΡΕΣ ΚΑΘΥΣΤΕΡΗΣΗΣ,B,ΕΝΤΟΠΙΣΤΗΚΕ,ΟΡΟΣ,3,ΔΙΑΔΙΚΑΣΙΑ ΚΑΙ ΤΡΟΠΟΣ ΠΑΡΟΧΗΣ ΤΩΝ ΥΠΗΡΕΣΙΩΝ - ΠΟΙΝΙΚΕΣ ΡΗΤΡΕΣ,¶74–74,1,ΔΙΑΔΙΚΑΣΙΑ ΚΑΙ ΤΡΟΠΟΣ ΠΑΡΟΧΗΣ ΤΩΝ ΥΠΗΡΕΣΙΩΝ - ΠΟΙΝΙΚΕΣ ΡΗΤΡΕΣ
68,M21a,Ρήτρα μη τήρησης διαθεσιμότητας,A,ΕΝΤΟΠΙΣΤΗΚΕ,ΟΡΟΣ,16,ΠΟΙΝΙΚΕΣ ΡΗΤΡΕΣ ΚΑΘΥΣΤΕΡΗΣΗΣ,¶274–274,1,"Όσον αφορά τη διαθεσιμότητα της υπηρεσίας, σε περίπτωση μη τήρησης του συμφωνημένου ποσοστού διαθεσιμότητας, κατά τα οριζόμενα στο Παράρτημα 1 (ενότητα 2.3.3), η Τράπεζα …"
69,M21a,Ρήτρα μη τήρησης διαθεσιμότητας,B,ΕΝΤΟΠΙΣΤΗΚΕ,ΟΡΟΣ,3,ΔΙΑΔΙΚΑΣΙΑ ΚΑΙ ΤΡΟΠΟΣ ΠΑΡΟΧΗΣ ΤΩΝ ΥΠΗΡΕΣΙΩΝ - ΠΟΙΝΙΚΕΣ ΡΗΤΡΕΣ,¶90–90,1,"Όσον αφορά τη διαθεσιμότητα της Λύσης, σε περίπτωση μη τήρησης του συμφωνημένου ποσοστού διαθεσιμότητας, κατά τα οριζόμενα στο Προσάρτημα … του Παραρτήματος 1, η Τράπεζα …"
70,M21b,Ρήτρα Vulnerability fixes (P = V×N/365),A,ΕΝΤΟΠΙΣΤΗΚΕ,ΟΡΟΣ,16,ΠΟΙΝΙΚΕΣ ΡΗΤΡΕΣ ΚΑΘΥΣΤΕΡΗΣΗΣ,¶275–275,1,Ποινική Ρήτρα για Vulnerability fixes
71,M21b,Ρήτρα Vulnerability fixes (P = V×N/365),B,ΕΝΤΟΠΙΣΤΗΚΕ,ΟΡΟΣ,3,ΔΙΑΔΙΚΑΣΙΑ ΚΑΙ ΤΡΟΠΟΣ ΠΑΡΟΧΗΣ ΤΩΝ ΥΠΗΡΕΣΙΩΝ - ΠΟΙΝΙΚΕΣ ΡΗΤΡΕΣ,¶100–100,1,Ποινική Ρήτρα για Vulnerability fixes
72,M22,ΚΑΤΑΓΓΕΛΙΑ ΤΗΣ ΣΥΜΒΑΣΗΣ,A,ΕΝΤΟΠΙΣΤΗΚΕ,ΑΡΘΡΟ,17,ΚΑΤΑΓΓΕΛΙΑ ΣΥΜΒΑΣΗΣ,¶290–321,32,"Έκαστος συμβαλλόμενος δικαιούται να καταγγείλει την παρούσα Σύμβαση, καθ’ ολοκληρίαν ή σχετικά με οποιοδήποτε μέρος αυτής, με άμεση έναρξη ισχύος, μέσω έγγραφης ειδοποίησ…"
73,M22,ΚΑΤΑΓΓΕΛΙΑ ΤΗΣ ΣΥΜΒΑΣΗΣ,B,ΕΝΤΟΠΙΣΤΗΚΕ,ΑΡΘΡΟ,15,ΚΑΤΑΓΓΕΛΙΑ ΤΗΣ ΣΥΜΒΑΣΗΣ,¶323–357,35,"Οιοσδήποτε των Συμβαλλομένων Μερών δικαιούται να καταγγείλει την παρούσα σύμβαση, στις εξής περιπτώσεις, καθώς και όπου ρητώς προβλέπεται στην παρούσα σύμβαση:"
74,M22,ΚΑΤΑΓΓΕΛΙΑ ΤΗΣ ΣΥΜΒΑΣΗΣ,C,ΕΝΤΟΠΙΣΤΗΚΕ,ΑΡΘΡΟ,13,ΚΑΤΑΓΓΕΛΙΑ ΤΗΣ ΣΥΜΒΑΣΗΣ,¶205–215,11,"Οιοδήποτε των Συμβαλλομένων Μερών δικαιούται να καταγγείλει την παρούσα Σύμβαση, όπου ρητώς προβλέπεται στην παρούσα σύμβαση, καθώς και στις εξής περιπτώσεις:"
75,M22a,Ρήτρες «Μέτρων» Εξυγίανσης (BRRD),A,ΕΝΤΟΠΙΣΤΗΚΕ,ΟΡΟΣ,17,ΚΑΤΑΓΓΕΛΙΑ ΣΥΜΒΑΣΗΣ,¶309–309,1,"Ο Ανάδοχος αναγνωρίζει και αποδέχεται, ότι η Τράπεζα αποτελεί έναν εποπτευόμενο χρηματοπιστωτικό οργανισμό, ο οποίος υπόκειται σε ειδικό νομοθετικό και κανονιστικό πλαίσι…"
76,M22a,Ρήτρες «Μέτρων» Εξυγίανσης (BRRD),B,ΕΝΤΟΠΙΣΤΗΚΕ,ΟΡΟΣ,15,ΚΑΤΑΓΓΕΛΙΑ ΤΗΣ ΣΥΜΒΑΣΗΣ,¶344–344,1,"Η Εταιρεία αναγνωρίζει και αποδέχεται, ότι η Τράπεζα αποτελεί έναν εποπτευόμενο χρηματοπιστωτικό οργανισμό, ο οποίος υπόκειται σε ειδικό νομοθετικό και κανονιστικό πλαίσι…"
77,M22b,Υποχρέωση υποστήριξης μετάβασης (exit plan),A,ΕΝΤΟΠΙΣΤΗΚΕ,ΟΡΟΣ,17,ΚΑΤΑΓΓΕΛΙΑ ΣΥΜΒΑΣΗΣ,¶307–307,1,"Σε περίπτωση λύσης της παρούσας για οποιοδήποτε λόγο, η Εταιρεία θα συνδράμει την Τράπεζα, εφόσον ζητηθεί από τον τελευταίο, για τη διατήρηση της επιχειρηματικής συνέχεια…"
78,M22b,Υποχρέωση υποστήριξης μετάβασης (exit plan),B,ΕΝΤΟΠΙΣΤΗΚΕ,ΟΡΟΣ,15,ΚΑΤΑΓΓΕΛΙΑ ΤΗΣ ΣΥΜΒΑΣΗΣ,¶337–337,1,"Σε περίπτωση λύσης της παρούσας για οποιοδήποτε λόγο, η Εταιρεία θα συνδράμει την Τράπεζα, εφόσον αυτό ζητηθεί από την τελευταία, λαμβάνοντας υπόψη τα θέματα επεξεργασίας…"
79,M23,ΑΝΩΤΕΡΑ ΒΙΑ,A,ΕΝΤΟΠΙΣΤΗΚΕ,ΑΡΘΡΟ,18,ΚΑΤΑΓΓΕΛΙΑ ΛΟΓΩ ΑΝΩΤΕΡΑΣ ΒΙΑΣ,¶322–326,5,"Κανένας από τους συμβαλλόμενους δεν ευθύνεται για μη εκπλήρωση, λόγω γεγονότος ανωτέρας βίας, οποιασδήποτε υποχρέωσής του που απορρέει από την παρούσα. Εν τούτοις, εάν έν…"
80,M23,ΑΝΩΤΕΡΑ ΒΙΑ,B,ΕΝΤΟΠΙΣΤΗΚΕ,ΑΡΘΡΟ,16,ΑΝΩΤΕΡΑ ΒΙΑ,¶358–361,4,"Τα Συμβαλλόμενα Μέρη δεν φέρουν οποιαδήποτε ευθύνη για την εκ μέρους τους μη εκπλήρωση ή παραβίαση οποιωνδήποτε συμβατικών υποχρεώσεών τους, που οφείλονται σε λόγους Ανωτ…"
81,M23,ΑΝΩΤΕΡΑ ΒΙΑ,C,ΕΝΤΟΠΙΣΤΗΚΕ,ΑΡΘΡΟ,14,ΑΝΩΤΕΡΑ ΒΙΑ,¶216–219,4,Τα Συμβαλλόμενα Μέρη δεν φέρουν οποιαδήποτε ευθύνη για την εκ μέρους τους μη εκπλήρωση ή παράβαση οποιωνδήποτε συμβατικών υποχρεώσεών τους που οφείλονται σε λόγους Ανωτέρ…
82,M24,ΠΝΕΥΜΑΤΙΚΗ ΙΔΙΟΚΤΗΣΙΑ,A,ΕΝΤΟΠΙΣΤΗΚΕ,ΑΡΘΡΟ,19,ΠΝΕΥΜΑΤΙΚΗ ΙΔΙΟΚΤΗΣΙΑ,¶327–348,22,"i) Ο Ανάδοχος βεβαιώνει και εγγυάται προς την Τράπεζα ότι τυγχάνει νόμιμος κάτοχος και χρήστης όλων των απαιτούμενων από το νόμο εξουσιοδοτήσεων, αδειών και συμβάσεων χρή…"
83,M24,ΠΝΕΥΜΑΤΙΚΗ ΙΔΙΟΚΤΗΣΙΑ,B,ΕΝΤΟΠΙΣΤΗΚΕ,ΑΡΘΡΟ,10,ΠΝΕΥΜΑΤΙΚΗ ΙΔΙΟΚΤΗΣΙΑ,¶229–239,11,"Η Εταιρεία βεβαιώνει και εγγυάται προς την Τράπεζα ότι τυγχάνει νόμιμος κάτοχος και χρήστης όλων των απαιτούμενων από το νόμο εξουσιοδοτήσεων, αδειών και συμβάσεων χρήσης…"
84,M24,ΠΝΕΥΜΑΤΙΚΗ ΙΔΙΟΚΤΗΣΙΑ,C,ΕΝΤΟΠΙΣΤΗΚΕ,ΑΡΘΡΟ,10,ΠΝΕΥΜΑΤΙΚΗ ΙΔΙΟΚΤΗΣΙΑ,¶162–178,17,"Η Εταιρεία βεβαιώνει και εγγυάται προς την Τράπεζα ότι τυγχάνει νόμιμος κάτοχος και χρήστης όλων των απαιτούμενων από το νόμο εξουσιοδοτήσεων, αδειών και συμβάσεων χρήσης…"
85,M24a,Άδεια χρήσης Λογισμικού,A,ΕΝΤΟΠΙΣΤΗΚΕ,ΟΡΟΣ,19,ΠΝΕΥΜΑΤΙΚΗ ΙΔΙΟΚΤΗΣΙΑ,¶345–345,1,"Άδεια Χρήσης Λογισμικού: Χορηγείται στην ΕΤΕ μη αποκλειστική, διηνεκής, ανέκκλητη άδεια χρήσης του Λογισμικού (συμπεριλαμβανομένων των εκδόσεων, αναβαθμίσεων, επεκτάσεων …"
86,M24a,Άδεια χρήσης Λογισμικού,B,ΕΝΤΟΠΙΣΤΗΚΕ,ΟΡΟΣ,10,ΠΝΕΥΜΑΤΙΚΗ ΙΔΙΟΚΤΗΣΙΑ,¶230–230,1,"Η Εταιρεία βεβαιώνει και εγγυάται προς την Τράπεζα ότι τυγχάνει νόμιμος κάτοχος και χρήστης όλων των απαιτούμενων από το νόμο εξουσιοδοτήσεων, αδειών και συμβάσεων χρήσης…"
87,M24b,Escrow πηγαίου κώδικα,A,ΕΝΤΟΠΙΣΤΗΚΕ,ΟΡΟΣ,19,ΠΝΕΥΜΑΤΙΚΗ ΙΔΙΟΚΤΗΣΙΑ,¶348–348,1,Το Λογισμικό που θα παραδοθεί από τον Ανάδοχο στο πλαίσιο της Σύμβασης (συμπεριλαμβανομένων ενημερώσεων ή νέων εκδόσεων) είναι ιδιοκτησία της κατασκευάστριας εταιρείας ….…
88,M25,ΕΜΠΙΣΤΕΥΤΙΚΟΤΗΤΑ – ΑΠΟΡΡΗΤΟ,A,ΕΝΤΟΠΙΣΤΗΚΕ,ΑΡΘΡΟ,20,ΕΜΠΙΣΤΕΥΤΙΚΟΤΗΤΑ – ΚΥΡΙΟΤΗΤΑ ΠΛΗΡΟΦΟΡΙΩΝ,¶349–401,53,"Η κυριότητα οποιωνδήποτε τεχνικών ή επιχειρηματικών πληροφοριών ή δεδομένων, γραπτών ή προφορικών, σε μορφή γραφικών ή σε άλλη ενσώματη μορφή (αποκαλούμενων όλων εφεξής «…"
89,M25,ΕΜΠΙΣΤΕΥΤΙΚΟΤΗΤΑ – ΑΠΟΡΡΗΤΟ,B,ΕΝΤΟΠΙΣΤΗΚΕ,ΑΡΘΡΟ,11,ΕΧΕΜΥΘΕΙΑ - ΕΜΠΙΣΤΕΥΤΙΚΟΤΗΤΑ,¶240–255,16,"Η Εταιρεία αναγνωρίζει ότι λόγω της φύσης του Έργου μπορεί να παρέχεται σε αυτήν πρόσβαση σε πληροφορίες ή στοιχεία της Τράπεζας με εμπιστευτικό και απόρρητο χαρακτήρα, τ…"
90,M25,ΕΜΠΙΣΤΕΥΤΙΚΟΤΗΤΑ – ΑΠΟΡΡΗΤΟ,C,ΕΝΤΟΠΙΣΤΗΚΕ,ΑΡΘΡΟ,11,ΕΧΕΜΥΘΕΙΑ - ΕΜΠΙΣΤΕΥΤΙΚΟΤΗΤΑ,¶179–197,19,Η Εταιρεία αναγνωρίζει ότι η φύση των εργασιών της Σύμβασης παρέχει πρόσβαση σε πληροφορίες με εμπιστευτικό και απόρρητο χαρακτήρα οι οποίες της αποκαλύπτονται ή της κοιν…
91,M25a,Εσωτερικές πληροφορίες / κατάχρηση αγοράς,A,ΕΝΤΟΠΙΣΤΗΚΕ,ΟΡΟΣ,20,ΕΜΠΙΣΤΕΥΤΙΚΟΤΗΤΑ – ΚΥΡΙΟΤΗΤΑ ΠΛΗΡΟΦΟΡΙΩΝ,¶366–366,1,"Για τους σκοπούς της παρούσας παραγράφου, με τον όρο Εσωτερικές Πληροφορίες νοούνται ορισμένης φύσεως πληροφορίες που δεν έχουν καταστεί δημοσίως γνωστές και αφορούν, άμε…"
92,M25a,Εσωτερικές πληροφορίες / κατάχρηση αγοράς,B,ΕΝΤΟΠΙΣΤΗΚΕ,ΟΡΟΣ,11,ΕΧΕΜΥΘΕΙΑ - ΕΜΠΙΣΤΕΥΤΙΚΟΤΗΤΑ,¶243–243,1,"Για τους σκοπούς αυτού του εδαφίου, Εμπιστευτική Πληροφορία θεωρείται και η παρούσα σύμβαση, τα Παραρτήματα και οι τυχόν τροποποιήσεις αυτής, καθώς και οποιαδήποτε εσωτερ…"
93,M26,ΕΠΕΞΕΡΓΑΣΙΑ ΠΡΟΣΩΠΙΚΩΝ ΔΕΔΟΜΕΝΩΝ (GDPR),A,ΕΝΤΟΠΙΣΤΗΚΕ,ΟΡΟΣ,20,ΕΜΠΙΣΤΕΥΤΙΚΟΤΗΤΑ – ΚΥΡΙΟΤΗΤΑ ΠΛΗΡΟΦΟΡΙΩΝ,¶369–369,1,"Στο πλαίσιο της παρούσας Σύμβασης και καθ’ όλη τη διάρκεια ισχύος της, κατά την παροχή υπηρεσιών σύμφωνα με τα αναφερόμενα στην παρούσα, κατ’ εντολή και για λογαριασμό τη…"
94,M26,ΕΠΕΞΕΡΓΑΣΙΑ ΠΡΟΣΩΠΙΚΩΝ ΔΕΔΟΜΕΝΩΝ (GDPR),B,ΕΝΤΟΠΙΣΤΗΚΕ,ΑΡΘΡΟ,12,ΕΠΕΞΕΡΓΑΣΙΑ ΠΡΟΣΩΠΙΚΩΝ ΔΕΔΟΜΕΝΩΝ,¶256–285,30,"Στο πλαίσιο της Σύμβασης και καθ’ όλη τη διάρκεια ισχύος της, κατά την παροχή υπηρεσιών σύμφωνα με τα αναφερόμενα στην παρούσα, κατ’ εντολή και για λογαριασμό της Τράπεζα…"
95,M26a,Διαβίβαση δεδομένων εκτός ΕΟΖ,A,ΕΝΤΟΠΙΣΤΗΚΕ,ΟΡΟΣ,20,ΕΜΠΙΣΤΕΥΤΙΚΟΤΗΤΑ – ΚΥΡΙΟΤΗΤΑ ΠΛΗΡΟΦΟΡΙΩΝ,¶392–392,1,Η Εταιρεία οφείλει να μη διαβιβάζει Προσωπικά Δεδομένα εκτός της Ευρωπαϊκής Οικονομικής Ζώνης (ΕΟΖ) εκτός και αν η Τράπεζα συναινεί γραπτώς πριν από τέτοια διαβίβαση και …
96,M26a,Διαβίβαση δεδομένων εκτός ΕΟΖ,B,ΕΝΤΟΠΙΣΤΗΚΕ,ΟΡΟΣ,12,ΕΠΕΞΕΡΓΑΣΙΑ ΠΡΟΣΩΠΙΚΩΝ ΔΕΔΟΜΕΝΩΝ,¶281–281,1,Η Εταιρεία οφείλει να μη διαβιβάζει Προσωπικά Δεδομένα εκτός της Ευρωπαϊκής Οικονομικής Ζώνης (ΕΟΖ) εκτός και αν η Τράπεζα συναινεί γραπτώς πριν από τέτοια διαβίβαση και …
97,M26b,Υπεργολάβοι επεξεργασίας (subprocessors),A,ΛΕΙΠΕΙ,,,,,,
98,M26b,Υπεργολάβοι επεξεργασίας (subprocessors),B,ΕΝΤΟΠΙΣΤΗΚΕ,ΟΡΟΣ,12,ΕΠΕΞΕΡΓΑΣΙΑ ΠΡΟΣΩΠΙΚΩΝ ΔΕΔΟΜΕΝΩΝ,¶277–277,1,"Στο πλαίσιο της παρούσας, η Εταιρεία συμφωνείται να χρησιμοποιήσει περιοριστικά τους κάτωθι υπεργολάβους:"
99,M27,ΠΡΟΤΥΠΑ ΑΣΦΑΛΕΙΑΣ ΠΛΗΡΟΦΟΡΙΩΝ,A,ΛΕΙΠΕΙ,,,,,,
100,M27,ΠΡΟΤΥΠΑ ΑΣΦΑΛΕΙΑΣ ΠΛΗΡΟΦΟΡΙΩΝ,B,ΜΕΡΙΚΩΣ,ΜΕΡΙΚΗ ΚΑΛΥΨΗ,11,ΕΧΕΜΥΘΕΙΑ - ΕΜΠΙΣΤΕΥΤΙΚΟΤΗΤΑ,,1,Η Εταιρεία δεσμεύεται από το επαγγελματικό απόρρητο και υποχρεούται να εξασφαλίζει ότι όλες οι Εμπιστευτικές Πληροφορίες που λαμβάνει από την Τράπεζα στο πλαίσιο του Έργο…
101,M28,"ΔΙΚΑΙΩΜΑΤΑ ΠΡΟΣΒΑΣΗΣ, ΠΛΗΡΟΦΟΡΗΣΗΣ & ΕΛΕΓΧΟΥ",A,ΕΝΤΟΠΙΣΤΗΚΕ,ΑΡΘΡΟ,22,"ΔΙΚΑΙΩΜΑΤΑ ΠΡΟΣΒΑΣΗΣ, ΠΛΗΡΟΦΟΡΗΣΗΣ ΚΑΙ ΕΛΕΓΧΟΥ",¶406–416,11,"Τα μέρη ρητά αναγνωρίζουν, στο πλαίσιο της παρούσας, την εξουσία συγκέντρωσης πληροφοριών και έρευνας της Τράπεζας της Ελλάδος για τους σκοπούς άσκησης των αρμοδιοτήτων τ…"
102,M28,"ΔΙΚΑΙΩΜΑΤΑ ΠΡΟΣΒΑΣΗΣ, ΠΛΗΡΟΦΟΡΗΣΗΣ & ΕΛΕΓΧΟΥ",B,ΕΝΤΟΠΙΣΤΗΚΕ,ΑΡΘΡΟ,14,ΕΛΕΓΧΟΣ,¶293–322,30,"Η Εταιρεία αναγνωρίζει ότι η Τράπεζα, ως χρηματοπιστωτικό ίδρυμα εξουσιοδοτημένο να εκτελεί τραπεζικές εργασίες σύμφωνα με το άρθρο 3 παράγραφος 1 πρώτη περίπτωση του Ν.4…"
103,M28a,Πρόσβαση cloud & τοποθεσία δεδομένων,A,ΛΕΙΠΕΙ,,,,,,
104,M28a,Πρόσβαση cloud & τοποθεσία δεδομένων,B,ΛΕΙΠΕΙ,,,,,,
105,M29,ΚΑΤΑΠΟΛΕΜΗΣΗ ΔΙΑΦΘΟΡΑΣ & ΔΩΡΟΔΟΚΙΑΣ,A,ΕΝΤΟΠΙΣΤΗΚΕ,ΟΡΟΣ,26,ΛΟΙΠΟΙ ΟΡΟΙ,¶430–430,1,ΚΑΤΑΠΟΛΕΜΗΣΗ ΤΗΣ ΔΙΑΦΘΟΡΑΣ ΚΑΙ ΤΗΣ ΔΩΡΟΔΟΚΙΑΣ
106,M29,ΚΑΤΑΠΟΛΕΜΗΣΗ ΔΙΑΦΘΟΡΑΣ & ΔΩΡΟΔΟΚΙΑΣ,B,ΕΝΤΟΠΙΣΤΗΚΕ,ΑΡΘΡΟ,13,ΚΑΤΑΠΟΛΕΜΗΣΗ ΤΗΣ ΔΙΑΦΘΟΡΑΣ ΚΑΙ ΤΗΣ ΔΩΡΟΔΟΚΙΑΣ,¶286–292,7,"Η Τράπεζα έχει υιοθετήσει μια σειρά από Κώδικες και Πολιτικές εγκεκριμένες από το Διοικητικό της Συμβούλιο, που περιλαμβάνουν μέτρα κατά του κινδύνου διαφθοράς και δωροδο…"
107,M29,ΚΑΤΑΠΟΛΕΜΗΣΗ ΔΙΑΦΘΟΡΑΣ & ΔΩΡΟΔΟΚΙΑΣ,C,ΕΝΤΟΠΙΣΤΗΚΕ,ΑΡΘΡΟ,12,ΚΑΤΑΠΟΛΕΜΗΣΗ ΤΗΣ ΔΙΑΦΘΟΡΑΣ ΚΑΙ ΤΗΣ ΔΩΡΟΔΟΚΙΑΣ,¶198–204,7,"Η Τράπεζα έχει υιοθετήσει μια σειρά από Κώδικες και Πολιτικές εγκεκριμένες από το Διοικητικό της Συμβούλιο, που περιλαμβάνουν μέτρα κατά του κινδύνου διαφθοράς και δωροδο…"
108,M30,ΣΥΜΨΗΦΙΣΜΟΣ,A,ΕΝΤΟΠΙΣΤΗΚΕ,ΟΡΟΣ,26,ΛΟΙΠΟΙ ΟΡΟΙ,¶435–435,1,ΣΥΜΨΗΦΙΣΜΟΣ
109,M30,ΣΥΜΨΗΦΙΣΜΟΣ,B,ΕΝΤΟΠΙΣΤΗΚΕ,ΑΡΘΡΟ,9,ΣΥΜΨΗΦΙΣΜΟΣ,¶226–228,3,Η Τράπεζα δικαιούται να συμψηφίζει τις ως άνω προς την Εταιρεία συμφωνούμενες αμοιβές της με οποιαδήποτε απαίτησή της που διατηρεί κατά της Εταιρείας από οποιαδήποτε αιτί…
110,M30,ΣΥΜΨΗΦΙΣΜΟΣ,C,ΕΝΤΟΠΙΣΤΗΚΕ,ΑΡΘΡΟ,9,ΣΥΜΨΗΦΙΣΜΟΣ,¶159–161,3,Η Τράπεζα δικαιούται να συμψηφίζει τις ως άνω προς την Εταιρεία συμφωνούμενες υποχρεώσεις της (αμοιβές) με οποιανδήποτε απαίτησή της που διατηρεί κατά της Εταιρείας από ο…
111,M31,ΕΙΔΟΠΟΙΗΣΕΙΣ & ΑΝΤΙΚΛΗΤΟΣ,A,ΕΝΤΟΠΙΣΤΗΚΕ,ΑΡΘΡΟ,21,ΕΙΔΟΠΟΙΗΣΕΙΣ,¶402–405,4,"Κάθε έγγραφο της Τράπεζας προς την Εταιρεία κοινοποιείται στην έδρα της Εταιρείας, …. Κάθε έγγραφο της Εταιρείας προς την Τράπεζα κοινοποιείται στη Διεύθυνση Προμηθειών &…"
112,M31,ΕΙΔΟΠΟΙΗΣΕΙΣ & ΑΝΤΙΚΛΗΤΟΣ,B,ΕΝΤΟΠΙΣΤΗΚΕ,ΟΡΟΣ,17,ΠΡΟΣΘΕΤΟΙ ΟΡΟΙ,¶373–373,1,"Κάθε έγγραφο της Τράπεζα προς την Εταιρεία κοινοποιείται στην έδρα της Εταιρείας, …"
113,M31,ΕΙΔΟΠΟΙΗΣΕΙΣ & ΑΝΤΙΚΛΗΤΟΣ,C,ΕΝΤΟΠΙΣΤΗΚΕ,ΟΡΟΣ,15,ΠΡΟΣΘΕΤΟΙ  ΟΡΟΙ,¶231–231,1,"Κάθε έγγραφο της Τράπεζας προς την Εταιρεία κοινοποιείται στην έδρα της Εταιρείας, …. Κάθε έγγραφο της Εταιρείας προς την Τράπεζα κοινοποιείται στη …. Σε περίπτωση αλλαγή…"
114,M31,ΕΙΔΟΠΟΙΗΣΕΙΣ & ΑΝΤΙΚΛΗΤΟΣ,D,ΛΕΙΠΕΙ,,,,,,
115,M32,ΕΦΑΡΜΟΣΤΕΟ ΔΙΚΑΙΟ – ΔΩΣΙΔΙΚΙΑ,A,ΕΝΤΟΠΙΣΤΗΚΕ,ΑΡΘΡΟ,25,ΝΟΜΟΣ ΚΑΙ ΔΙΑΦΟΡΕΣ,¶425–428,4,"Η παρούσα Σύμβαση και όλα τα έγγραφα που αναφέρονται σε αυτήν διέπονται αποκλειστικά, από κάθε άποψη, περιλαμβανομένης της ισχύος, ερμηνείας και των αποτελεσμάτων της, απ…"
116,M32,ΕΦΑΡΜΟΣΤΕΟ ΔΙΚΑΙΟ – ΔΩΣΙΔΙΚΙΑ,B,ΕΝΤΟΠΙΣΤΗΚΕ,ΑΡΘΡΟ,18,ΕΦΑΡΜΟΣΤΕΟ ΔΙΚΑΙΟ – ΔΩΣΙΔΙΚΙΑ,¶378–380,3,Η παρούσα σύμβαση διέπεται από το Ελληνικό δίκαιο. Για τα θέματα που δεν προβλέπονται ή δεν ρυθμίζονται από την παρούσα εφαρμόζονται οι ισχύουσες στο νόμο σχετικές διατάξ…
117,M32,ΕΦΑΡΜΟΣΤΕΟ ΔΙΚΑΙΟ – ΔΩΣΙΔΙΚΙΑ,C,ΕΝΤΟΠΙΣΤΗΚΕ,ΑΡΘΡΟ,16,ΕΦΑΡΜΟΣΤΕΟ ΔΙΚΑΙΟ – ΔΩΣΙΔΙΚΙΑ,¶235–236,2,"Η παρούσα Σύμβαση διέπεται από το Ελληνικό δίκαιο. H επίλυση των διαφορών που τυχόν προκύψουν κατά την εκτέλεση ή ερμηνεία της παρούσας, συμπεριλαμβανομένων και της λήψης…"
118,M32a,Ρήτρα γλώσσας / δίγλωσσο κείμενο,A,ΛΕΙΠΕΙ,,,,,,
119,M32a,Ρήτρα γλώσσας / δίγλωσσο κείμενο,B,ΛΕΙΠΕΙ,,,,,,
120,M32a,Ρήτρα γλώσσας / δίγλωσσο κείμενο,C,ΛΕΙΠΕΙ,,,,,,
121,M32a,Ρήτρα γλώσσας / δίγλωσσο κείμενο,D,ΛΕΙΠΕΙ,,,,,,
122,M33,ΣΕΙΡΑ ΠΡΟΤΕΡΑΙΟΤΗΤΑΣ ΕΓΓΡΑΦΩΝ,A,ΕΝΤΟΠΙΣΤΗΚΕ,ΑΡΘΡΟ,27,ΣΥΜΦΩΝΙΕΣ – ΣΕΙΡΑ ΠΡΟΤΕΡΑΙΟΤΗΤΑΣ,¶437–444,8,Η παρούσα Σύμβαση υπερισχύει όλων των προηγούμενων γραπτών ή προφορικών συμφωνιών μεταξύ της ΕΤΕ και του Αναδόχου αναφορικά με το αντικείμενό της.
123,M33,ΣΕΙΡΑ ΠΡΟΤΕΡΑΙΟΤΗΤΑΣ ΕΓΓΡΑΦΩΝ,B,ΕΝΤΟΠΙΣΤΗΚΕ,ΑΡΘΡΟ,19,ΠΑΡΑΡΤΗΜΑΤΑ,¶381–436,56,"Στην παρούσα Σύμβαση επισυνάπτονται τα παρακάτω Παραρτήματα, που αποτελούν αναπόσπαστο μέρος αυτής και των συμφωνιών της:"
124,M33,ΣΕΙΡΑ ΠΡΟΤΕΡΑΙΟΤΗΤΑΣ ΕΓΓΡΑΦΩΝ,C,ΕΝΤΟΠΙΣΤΗΚΕ,ΑΡΘΡΟ,17,ΠΑΡΑΡΤΗΜΑΤΑ,¶237–315,79,"Στην παρούσα Σύμβαση επισυνάπτεται το παρακάτω Παράρτημα, που αποτελεί αναπόσπαστο μέρος αυτής και των συμφωνιών της :"
125,M34,ΣΧΕΣΕΙΣ ΜΕΤΑΞΥ ΣΥΜΒΑΛΛΟΜΕΝΩΝ,A,ΕΝΤΟΠΙΣΤΗΚΕ,ΑΡΘΡΟ,28,ΣΧΕΣΕΙΣ ΜΕΤΑΞΥ ΤΩΝ ΣΥΜΒΑΛΛΟΜΕΝΩΝ,¶445–447,3,"Οι συμβαλλόμενοι συμφωνούν ότι, βάσει του εύρους της παρούσας Σύμβασης, δεν δημιουργείται καμία συμβατική σχέση μεταξύ της ΕΤΕ και οποιουδήποτε επιτρεπόμενου υπεργολάβου,…"
126,M34,ΣΧΕΣΕΙΣ ΜΕΤΑΞΥ ΣΥΜΒΑΛΛΟΜΕΝΩΝ,B,ΕΝΤΟΠΙΣΤΗΚΕ,ΟΡΟΣ,5,ΥΠΟΧΡΕΩΣΕΙΣ-ΕΥΘΥΝΗ ΤΗΣ ΕΤΑΙΡΕΙΑΣ,¶155–155,1,"Η Εταιρεία υποχρεούται να μεριμνά για την καταβολή των μισθών, αμοιβών, υπερωριών, επιδομάτων κ.λπ. του προσωπικού και των τυχόν συνεργατών που θα χρησιμοποιήσει, την κατ…"
127,M34,ΣΧΕΣΕΙΣ ΜΕΤΑΞΥ ΣΥΜΒΑΛΛΟΜΕΝΩΝ,C,ΕΝΤΟΠΙΣΤΗΚΕ,ΟΡΟΣ,5,ΥΠΟΧΡΕΩΣΕΙΣ – ΕΥΘΥΝΗ ΤΗΣ ΕΤΑΙΡΕΙΑΣ,¶116–116,1,"Η Εταιρεία υποχρεούται να μεριμνά για την καταβολή των μισθών, αμοιβών, υπερωριών, επιδομάτων κλπ. του προσωπικού και των τυχόν συνεργατών που θα χρησιμοποιήσει, την κατα…"
128,M35,ΔΙΚΑΙΩΜΑ ΑΓΟΡΑΣ ΠΡΟΣΘΕΤΩΝ ΑΔΕΙΩΝ,A,ΕΝΤΟΠΙΣΤΗΚΕ,ΑΡΘΡΟ,29,ΔΙΚΑΙΩΜΑ ΑΓΟΡΑΣ,¶448–449,2,Ο Ανάδοχος χορηγεί στην ΕΤΕ το δικαίωμα να αγοράσει πρόσθετες άδειες χρήσης του Λογισμικού και πρόσθετες Υπηρεσίες με κόστος που θα συμφωνηθεί εγγράφως από τα Συμβαλλόμεν…
129,M36,ΑΠΑΓΟΡΕΥΣΕΙΣ (χρήση σημάτων κ.λπ.),A,ΕΝΤΟΠΙΣΤΗΚΕ,ΑΡΘΡΟ,30,ΑΠΑΓΟΡΕΥΣΕΙΣ,¶450–453,4,"Κατά την παροχή των Υπηρεσιών του, ο Ανάδοχος δεν επιτρέπεται:"
130,M36,ΑΠΑΓΟΡΕΥΣΕΙΣ (χρήση σημάτων κ.λπ.),B,ΕΝΤΟΠΙΣΤΗΚΕ,ΟΡΟΣ,11,ΕΧΕΜΥΘΕΙΑ - ΕΜΠΙΣΤΕΥΤΙΚΟΤΗΤΑ,¶247–247,1,"Επιπλέον, η Εταιρεία δεσμεύεται (α) να τηρεί την ως άνω υποχρέωση απόλυτης εχεμύθειας περί των όσων λαμβάνει γνώση, να μην αποκαλύπτει σε τρίτους ή κάνει χρήση οποιασδήπο…"
131,M36,ΑΠΑΓΟΡΕΥΣΕΙΣ (χρήση σημάτων κ.λπ.),C,ΕΝΤΟΠΙΣΤΗΚΕ,ΟΡΟΣ,11,ΕΧΕΜΥΘΕΙΑ - ΕΜΠΙΣΤΕΥΤΙΚΟΤΗΤΑ,¶186–186,1,"Επιπλέον, η Εταιρεία δεσμεύεται (α) Να τηρεί την ως άνω υποχρέωση τήρησης απόλυτης εχεμύθειας περί των όσων λαμβάνει γνώση, να μην αποκαλύπτει σε τρίτους ή κάνει χρήση οπ…"
132,M37,ΔΕΣΜΕΥΣΗ ΔΙΑΔΟΧΩΝ,A,ΕΝΤΟΠΙΣΤΗΚΕ,ΑΡΘΡΟ,31,ΔΕΣΜΕΥΣΗ ΔΙΑΔΟΧΩΝ,¶454–493,40,Η παρούσα Σύμβαση δεσμεύει τον Ανάδοχο και την ΕΤΕ και τους αντίστοιχους διαδόχους τους και επιτρεπόμενους εκδοχείς τους.
133,M37,ΔΕΣΜΕΥΣΗ ΔΙΑΔΟΧΩΝ,B,ΜΕΡΙΚΩΣ,ΜΕΡΙΚΗ ΚΑΛΥΨΗ,8,ΕΚΧΩΡΗΣΗ/ΥΠΟΚΑΤΑΣΤΑΣΗ,,1,"Σε κάθε περίπτωση που θα συμβεί οποιοδήποτε από τα ανωτέρω (υποκατάσταση, εκχώρηση, μεταβίβαση) μεταξύ της Εταιρείας και του νομικού προσώπου (που θα υποκαταστήσει την Τρ…"
134,M37,ΔΕΣΜΕΥΣΗ ΔΙΑΔΟΧΩΝ,C,ΛΕΙΠΕΙ,,,,,,
135,M38,ΔΙΑΧΩΡΙΣΜΟΣ – ΠΑΡΑΙΤΗΣΗ,A,ΕΝΤΟΠΙΣΤΗΚΕ,ΑΡΘΡΟ,23,ΔΙΑΧΩΡΙΣΜΟΣ – ΠΑΡΑΙΤΗΣΗ,¶419–421,3,"Εάν οποιαδήποτε διάταξη της Σύμβασης κριθεί άκυρη ή μη εκτελεστή, η πλήρης Σύμβαση δεν καθίσταται άκυρη ή μη εκτελεστή λόγω του γεγονότος αυτού, αλλά θα ερμηνεύεται ωσάν …"
136,M38,ΔΙΑΧΩΡΙΣΜΟΣ – ΠΑΡΑΙΤΗΣΗ,B,ΕΝΤΟΠΙΣΤΗΚΕ,ΟΡΟΣ,17,ΠΡΟΣΘΕΤΟΙ ΟΡΟΙ,¶369–369,1,"Η ακυρότητα ενός ή και περισσοτέρων όρων της παρούσας δεν επιφέρει την ακυρότητα ολόκληρης της Σύμβασης, η οποία, καθ’ ο μέρος είναι έγκυρη, θα εξακολουθήσει να ισχύει υπ…"
137,M38,ΔΙΑΧΩΡΙΣΜΟΣ – ΠΑΡΑΙΤΗΣΗ,C,ΕΝΤΟΠΙΣΤΗΚΕ,ΟΡΟΣ,15,ΠΡΟΣΘΕΤΟΙ  ΟΡΟΙ,¶227–227,1,"Η ακυρότητα ενός ή και περισσοτέρων όρων της παρούσας, δεν επιφέρει την ακυρότητα ολόκληρης της Σύμβασης, η οποία, καθ’ ο μέρος είναι έγκυρη, θα εξακολουθήσει να ισχύει υ…"
138,M39,ΕΠΙΚΕΦΑΛΙΔΕΣ ΑΡΘΡΩΝ,A,ΕΝΤΟΠΙΣΤΗΚΕ,ΑΡΘΡΟ,23,ΕΠΙΚΕΦΑΛΙΔΕΣ ΑΡΘΡΩΝ,¶417–418,2,Οι επικεφαλίδες των άρθρων υφίστανται μόνο χάριν διευκόλυνσης και δεν θα χρησιμοποιούνται για την ερμηνεία της Σύμβασης.
139,M39,ΕΠΙΚΕΦΑΛΙΔΕΣ ΑΡΘΡΩΝ,B,ΛΕΙΠΕΙ,,,,,,
140,M39,ΕΠΙΚΕΦΑΛΙΔΕΣ ΑΡΘΡΩΝ,C,ΛΕΙΠΕΙ,,,,,,
141,M40,ΠΑΡΑΡΤΗΜΑΤΑ,A,ΕΝΤΟΠΙΣΤΗΚΕ,ΑΡΘΡΟ,27,ΣΥΜΦΩΝΙΕΣ – ΣΕΙΡΑ ΠΡΟΤΕΡΑΙΟΤΗΤΑΣ,¶437–444,8,Η παρούσα Σύμβαση υπερισχύει όλων των προηγούμενων γραπτών ή προφορικών συμφωνιών μεταξύ της ΕΤΕ και του Αναδόχου αναφορικά με το αντικείμενό της.
142,M40,ΠΑΡΑΡΤΗΜΑΤΑ,B,ΕΝΤΟΠΙΣΤΗΚΕ,ΑΡΘΡΟ,19,ΠΑΡΑΡΤΗΜΑΤΑ,¶381–436,56,"Στην παρούσα Σύμβαση επισυνάπτονται τα παρακάτω Παραρτήματα, που αποτελούν αναπόσπαστο μέρος αυτής και των συμφωνιών της:"
143,M40,ΠΑΡΑΡΤΗΜΑΤΑ,C,ΕΝΤΟΠΙΣΤΗΚΕ,ΑΡΘΡΟ,17,ΠΑΡΑΡΤΗΜΑΤΑ,¶237–315,79,"Στην παρούσα Σύμβαση επισυνάπτεται το παρακάτω Παράρτημα, που αποτελεί αναπόσπαστο μέρος αυτής και των συμφωνιών της :"
144,M40,ΠΑΡΑΡΤΗΜΑΤΑ,D,ΛΕΙΠΕΙ,,,,,,
145,M41,ΑΝΑΦΟΡΑ ΑΡΧΙΚΗΣ ΣΥΜΒΑΣΗΣ,D,ΕΝΤΟΠΙΣΤΗΚΕ,ΟΡΟΣ,,— (εκτός αρίθμησης),¶35–35,1,"Η Τράπεζα και η Εταιρεία έχουν συνάψει την από … σύμβαση με αντικείμενο την παροχή υπηρεσιών συντήρησης-υποστήριξης …, σύμφωνα με τους όρους και τις προϋποθέσεις που περι…"
146,M42,ΠΡΑΞΕΙΣ ΤΡΟΠΟΠΟΙΗΣΗΣ (amendments[]),D,ΕΝΤΟΠΙΣΤΗΚΕ,ΟΡΟΣ,,— (εκτός αρίθμησης),¶39–39,1,"Προσθέτουν νέα παράγραφο στο τέλος του Άρθρου … (…) της Σύμβασης, ως ακολούθως:"
147,M43,ΡΗΤΡΑ ΔΙΑΤΗΡΗΣΗΣ ΛΟΙΠΩΝ ΟΡΩΝ,D,ΕΝΤΟΠΙΣΤΗΚΕ,ΟΡΟΣ,,— (εκτός αρίθμησης),¶58–58,1,"Κατά τα λοιπά οι όροι της Σύμβασης εξακολουθούν να ισχύουν ως έχουν, εφόσον δεν τροποποιούνται από την παρούσα Πρόσθετη Πράξη."
148,M44,ΜΠΛΟΚ ΥΠΟΓΡΑΦΩΝ,A,ΕΝΤΟΠΙΣΤΗΚΕ,ΟΡΟΣ,31,ΔΕΣΜΕΥΣΗ ΔΙΑΔΟΧΩΝ,¶459–459,1,ΟΙ ΣΥΜΒΑΛΛΟΜΕΝΟΙ
149,M44,ΜΠΛΟΚ ΥΠΟΓΡΑΦΩΝ,B,ΕΝΤΟΠΙΣΤΗΚΕ,ΟΡΟΣ,19,ΠΑΡΑΡΤΗΜΑΤΑ,¶390–390,1,ΟΙ ΣΥΜΒΑΛΛΟΜΕΝΟΙ
150,M44,ΜΠΛΟΚ ΥΠΟΓΡΑΦΩΝ,C,ΕΝΤΟΠΙΣΤΗΚΕ,ΟΡΟΣ,17,ΠΑΡΑΡΤΗΜΑΤΑ,¶244–244,1,ΟΙ ΣΥΜΒΑΛΛΟΜΕΝΟΙ
151,M44,ΜΠΛΟΚ ΥΠΟΓΡΑΦΩΝ,D,ΕΝΤΟΠΙΣΤΗΚΕ,ΟΡΟΣ,,— (εκτός αρίθμησης),¶63–63,1,ΟΙ ΣΥΜΒΑΛΛΟΜΕΝΟΙ
